{"cameraMode":{"drawMode":0,"name":"Shaded","section":"Shading Mode"},"sceneLighting":false,"audioPlay":false,"sceneViewState":{"m_AlwaysRefresh":false,"showFog":true,"showSkybox":false,"showFlares":true,"showImageEffects":true,"showParticleSystems":true,"showVisualEffectGraphs":true,"m_FxEnabled":true},"in2DMode":false,"pivot":{"x":0.20693624019622804,"y":6.667348384857178,"z":-0.28584039211273196},"rotation":{"x":-0.0637379139661789,"y":0.529794454574585,"z":0.03995068371295929,"w":0.8448488116264343},"size":1.2382944822311402,"orthographic":false}