{"cameraMode":{"drawMode":0,"name":"Shaded","section":"Shading Mode"},"sceneLighting":true,"audioPlay":false,"sceneViewState":{"m_AlwaysRefresh":false,"showFog":true,"showSkybox":true,"showFlares":true,"showImageEffects":true,"showParticleSystems":true,"showVisualEffectGraphs":true,"m_FxEnabled":true},"in2DMode":false,"pivot":{"x":-33.866966247558597,"y":4.374081134796143,"z":-25.847000122070314},"rotation":{"x":-0.0008342164219357073,"y":0.9992205500602722,"z":-0.03059506043791771,"w":-0.026985857635736467},"size":20.689285278320314,"orthographic":false}